payment_id,contract_work_id,project_id,payment_date,payment_amount,payment_mode,payment_status
CP00001,CW0001,PR001,2024-03-13,7000,UPI,Paid
CP00002,CW0001,PR001,2024-03-16,6000,Cheque,Paid
CP00003,CW0001,PR001,2024-03-19,7000,Cash,Paid
CP00004,CW0001,PR001,2024-03-22,5000,UPI,Paid
CP00005,CW0001,PR001,2024-03-25,9000,UPI,Paid
CP00006,CW0001,PR001,2024-04-01,34000,Cheque,Paid
CP00007,CW0002,PR001,2024-04-01,10000,Cash,Paid
CP00008,CW0002,PR001,2024-04-04,20000,Cash,Paid
CP00009,CW0002,PR001,2024-04-07,22000,UPI,Paid
CP00010,CW0002,PR001,2024-04-10,29000,Bank Transfer,Paid
CP00011,CW0002,PR001,2024-04-20,14000,UPI,Paid
CP00012,CW0003,PR001,2024-04-21,26000,UPI,Paid
CP00013,CW0003,PR001,2024-04-25,39000,UPI,Paid
CP00014,CW0003,PR001,2024-04-29,18000,UPI,Paid
CP00015,CW0003,PR001,2024-05-08,2000,Cheque,Paid
CP00016,CW0004,PR001,2024-05-10,12000,Cash,Paid
CP00017,CW0004,PR001,2024-05-14,10000,Cheque,Paid
CP00018,CW0004,PR001,2024-05-18,21000,Cheque,Paid
CP00019,CW0004,PR001,2024-05-30,39000,Cheque,Paid
CP00020,CW0005,PR001,2024-06-03,1000,UPI,Paid
CP00021,CW0005,PR001,2024-06-16,1000,Bank Transfer,Paid
CP00022,CW0006,PR001,2024-06-17,2000,Cash,Paid
CP00023,CW0006,PR001,2024-06-21,58000,Bank Transfer,Paid
CP00024,CW0006,PR001,2024-06-25,4000,Cheque,Paid
CP00025,CW0006,PR001,2024-07-03,13000,Cheque,Paid
CP00026,CW0007,PR001,2024-07-06,8000,Bank Transfer,Paid
CP00027,CW0007,PR001,2024-07-10,7000,Bank Transfer,Paid
CP00028,CW0007,PR001,2024-07-14,11000,Bank Transfer,Paid
CP00029,CW0007,PR001,2024-07-24,15000,Cheque,Paid
CP00030,CW0008,PR001,2024-07-24,2000,Cheque,Paid
CP00031,CW0008,PR001,2024-07-27,2000,Cash,Paid
CP00032,CW0008,PR001,2024-07-30,2000,Cash,Paid
CP00033,CW0008,PR001,2024-08-02,6000,Cheque,Paid
CP00034,CW0008,PR001,2024-08-05,3000,Bank Transfer,Paid
CP00035,CW0008,PR001,2024-08-13,7000,Bank Transfer,Paid
CP00036,CW0009,PR002,2024-03-31,6000,Cash,Paid
CP00037,CW0009,PR002,2024-04-07,4000,Cheque,Paid
CP00038,CW0009,PR002,2024-04-14,6000,Cash,Paid
CP00039,CW0009,PR002,2024-04-26,1000,Cash,Paid
CP00040,CW0010,PR002,2024-04-29,3000,UPI,Paid
CP00041,CW0010,PR002,2024-05-06,24000,UPI,Paid
CP00042,CW0010,PR002,2024-05-13,7000,UPI,Paid
CP00043,CW0010,PR002,2024-05-22,12000,Bank Transfer,Paid
CP00044,CW0011,PR002,2024-05-26,8000,Cheque,Paid
CP00045,CW0011,PR002,2024-05-31,5000,Cheque,Paid
CP00046,CW0011,PR002,2024-06-05,23000,Cheque,Paid
CP00047,CW0011,PR002,2024-06-10,37000,Cheque,Paid
CP00048,CW0011,PR002,2024-06-23,16000,UPI,Paid
CP00049,CW0012,PR002,2024-06-23,4000,Bank Transfer,Paid
CP00050,CW0012,PR002,2024-06-27,16000,Bank Transfer,Paid
CP00051,CW0012,PR002,2024-07-01,12000,UPI,Paid
CP00052,CW0012,PR002,2024-07-05,18000,Bank Transfer,Paid
CP00053,CW0012,PR002,2024-07-09,6000,UPI,Paid
CP00054,CW0012,PR002,2024-07-23,5000,Cheque,Paid
CP00055,CW0013,PR002,2024-07-23,6000,UPI,Paid
CP00056,CW0013,PR002,2024-07-28,1000,Cheque,Paid
CP00057,CW0013,PR002,2024-08-02,6000,Cheque,Paid
CP00058,CW0013,PR002,2024-08-07,46000,Cash,Paid
CP00059,CW0013,PR002,2024-08-17,17000,UPI,Paid
CP00060,CW0014,PR002,2024-08-21,21000,Cash,Paid
CP00061,CW0014,PR002,2024-08-26,188000,UPI,Paid
CP00062,CW0014,PR002,2024-08-31,5000,UPI,Paid
CP00063,CW0014,PR002,2024-09-05,15000,Cash,Paid
CP00064,CW0014,PR002,2024-09-15,13000,Cash,Paid
CP00065,CW0015,PR002,2024-09-18,19000,UPI,Paid
CP00066,CW0015,PR002,2024-09-22,22000,Bank Transfer,Paid
CP00067,CW0015,PR002,2024-09-26,15000,Cheque,Paid
CP00068,CW0015,PR002,2024-09-30,7000,Cash,Paid
CP00069,CW0015,PR002,2024-10-04,41000,Cheque,Paid
CP00070,CW0015,PR002,2024-10-17,7000,Bank Transfer,Paid
CP00071,CW0016,PR002,2024-10-20,11000,Bank Transfer,Paid
CP00072,CW0016,PR002,2024-10-27,105000,Bank Transfer,Paid
CP00073,CW0016,PR002,2024-11-03,22000,Cash,Paid
CP00074,CW0016,PR002,2024-11-16,35000,Bank Transfer,Paid
CP00075,CW0017,PR002,2024-11-16,13000,Cash,Paid
CP00076,CW0017,PR002,2024-11-21,15000,Bank Transfer,Paid
CP00077,CW0017,PR002,2024-11-26,51000,Cheque,Paid
CP00078,CW0017,PR002,2024-12-01,37000,Cheque,Paid
CP00079,CW0017,PR002,2024-12-12,15000,UPI,Paid
CP00080,CW0018,PR003,2024-04-18,3000,Cheque,Paid
CP00081,CW0018,PR003,2024-04-22,2000,UPI,Paid
CP00082,CW0018,PR003,2024-04-26,2000,Cheque,Paid
CP00083,CW0018,PR003,2024-04-30,1000,Cash,Paid
CP00084,CW0018,PR003,2024-05-10,1000,Cheque,Paid
CP00085,CW0019,PR003,2024-05-12,2000,UPI,Paid
CP00086,CW0019,PR003,2024-05-16,5000,UPI,Paid
CP00087,CW0019,PR003,2024-05-20,3000,Bank Transfer,Paid
CP00088,CW0019,PR003,2024-05-24,5000,Cash,Paid
CP00089,CW0019,PR003,2024-06-04,11000,Cheque,Paid
CP00090,CW0020,PR003,2024-06-07,5000,Bank Transfer,Paid
CP00091,CW0020,PR003,2024-06-13,179000,Cheque,Paid
CP00092,CW0020,PR003,2024-06-19,92000,Cheque,Paid
CP00093,CW0020,PR003,2024-06-29,51000,Bank Transfer,Paid
CP00094,CW0021,PR003,2024-07-01,18000,Bank Transfer,Paid
CP00095,CW0021,PR003,2024-07-07,5000,Bank Transfer,Paid
CP00096,CW0021,PR003,2024-07-13,3000,Bank Transfer,Paid
CP00097,CW0021,PR003,2024-07-24,12000,Bank Transfer,Paid
CP00098,CW0022,PR003,2024-07-23,6000,Cheque,Paid
CP00099,CW0022,PR003,2024-07-27,8000,Bank Transfer,Paid
CP00100,CW0022,PR003,2024-07-31,30000,Cash,Paid
CP00101,CW0022,PR003,2024-08-04,9000,UPI,Paid
CP00102,CW0022,PR003,2024-08-08,47000,Bank Transfer,Paid
CP00103,CW0022,PR003,2024-08-16,1000,Bank Transfer,Paid
CP00104,CW0023,PR003,2024-08-16,12000,Cheque,Paid
CP00105,CW0023,PR003,2024-08-20,6000,Bank Transfer,Paid
CP00106,CW0023,PR003,2024-08-24,3000,Bank Transfer,Paid
CP00107,CW0023,PR003,2024-08-28,5000,Bank Transfer,Paid
CP00108,CW0023,PR003,2024-09-06,16000,Cheque,Paid
CP00109,CW0024,PR003,2024-09-09,2000,Bank Transfer,Paid
CP00110,CW0024,PR003,2024-09-13,14000,UPI,Paid
CP00111,CW0024,PR003,2024-09-17,3000,Cheque,Paid
CP00112,CW0024,PR003,2024-09-21,7000,UPI,Paid
CP00113,CW0024,PR003,2024-09-25,7000,Cheque,Paid
CP00114,CW0024,PR003,2024-10-03,1000,Bank Transfer,Paid
CP00115,CW0025,PR003,2024-10-03,6000,UPI,Paid
CP00116,CW0025,PR003,2024-10-07,5000,Cheque,Paid
CP00117,CW0025,PR003,2024-10-11,8000,Cash,Paid
CP00118,CW0025,PR003,2024-10-15,5000,Bank Transfer,Paid
CP00119,CW0025,PR003,2024-10-19,1000,Cheque,Paid
CP00120,CW0025,PR003,2024-10-25,5000,Cash,Paid
CP00121,CW0026,PR004,2024-05-12,3000,Cheque,Paid
CP00122,CW0026,PR004,2024-05-23,3000,Cash,Paid
CP00123,CW0026,PR004,2024-06-03,4000,Bank Transfer,Paid
CP00124,CW0026,PR004,2024-06-14,1000,UPI,Paid
CP00125,CW0026,PR004,2024-06-25,2000,Cash,Paid
CP00126,CW0026,PR004,2024-07-11,3000,Cheque,Paid
CP00127,CW0027,PR004,2024-07-21,57000,Bank Transfer,Paid
CP00128,CW0027,PR004,2024-08-03,80000,Cash,Paid
CP00129,CW0027,PR004,2024-08-16,297000,Cheque,Paid
CP00130,CW0027,PR004,2024-08-29,3000,Cheque,Paid
CP00131,CW0027,PR004,2024-09-16,94000,Cheque,Paid
CP00132,CW0028,PR004,2024-10-01,143000,Cash,Paid
CP00133,CW0028,PR004,2024-10-18,60000,Cash,Paid
CP00134,CW0028,PR004,2024-11-04,97000,Cash,Paid
CP00135,CW0028,PR004,2024-11-25,36000,UPI,Paid
CP00136,CW0029,PR004,2024-12-02,19000,Cash,Paid
CP00137,CW0029,PR004,2024-12-13,12000,Cash,Paid
CP00138,CW0029,PR004,2024-12-24,7000,Cash,Paid
CP00139,CW0029,PR004,2025-01-04,141000,UPI,Paid
CP00140,CW0029,PR004,2025-01-15,12000,Cash,Paid
CP00141,CW0029,PR004,2025-02-02,57000,Cheque,Paid
CP00142,CW0030,PR004,2025-02-08,197000,Cash,Paid
CP00143,CW0030,PR004,2025-02-19,84000,Cheque,Paid
CP00144,CW0030,PR004,2025-03-02,11000,Cheque,Paid
CP00145,CW0030,PR004,2025-03-13,109000,Cheque,Paid
CP00146,CW0030,PR004,2025-03-24,47000,UPI,Paid
CP00147,CW0030,PR004,2025-04-09,5000,UPI,Paid
CP00148,CW0031,PR004,2025-04-23,25000,UPI,Paid
CP00149,CW0031,PR004,2025-05-10,39000,Cash,Paid
CP00150,CW0031,PR004,2025-05-27,43000,Cheque,Paid
CP00151,CW0031,PR004,2025-06-16,230000,UPI,Paid
CP00152,CW0032,PR004,2025-06-26,126000,UPI,Paid
CP00153,CW0032,PR004,2025-07-09,11000,Cash,Paid
CP00154,CW0032,PR004,2025-07-22,31000,UPI,Paid
CP00155,CW0032,PR004,2025-08-04,236000,Cash,Paid
CP00156,CW0032,PR004,2025-08-22,220000,Bank Transfer,Paid
CP00157,CW0033,PR004,2025-09-06,13000,UPI,Paid
CP00158,CW0033,PR004,2025-09-23,250000,Bank Transfer,Paid
CP00159,CW0033,PR004,2025-10-10,70000,Cash,Paid
CP00160,CW0033,PR004,2025-10-28,169000,Cheque,Paid
CP00161,CW0034,PR004,2025-11-13,18000,UPI,Paid
CP00162,CW0034,PR004,2025-11-30,10000,Cash,Paid
CP00163,CW0034,PR004,2025-12-17,7000,Cheque,Paid
CP00164,CW0034,PR004,2026-01-04,3000,Cheque,Paid
CP00165,CW0035,PR005,2024-06-07,9000,Bank Transfer,Paid
CP00166,CW0035,PR005,2024-06-09,2000,Cash,Paid
CP00167,CW0035,PR005,2024-06-11,18000,Cheque,Paid
CP00168,CW0035,PR005,2024-06-13,1000,UPI,Paid
CP00169,CW0035,PR005,2024-06-15,1000,UPI,Paid
CP00170,CW0035,PR005,2024-06-22,12000,Bank Transfer,Paid
CP00171,CW0036,PR005,2024-06-25,37000,Cheque,Paid
CP00172,CW0036,PR005,2024-06-29,18000,Cash,Paid
CP00173,CW0036,PR005,2024-07-03,12000,UPI,Paid
CP00174,CW0036,PR005,2024-07-08,3000,Cheque,Paid
CP00175,CW0037,PR005,2024-07-09,1000,Cheque,Paid
CP00176,CW0037,PR005,2024-07-11,1000,Bank Transfer,Paid
CP00177,CW0037,PR005,2024-07-13,2000,UPI,Paid
CP00178,CW0037,PR005,2024-07-15,1000,UPI,Paid
CP00179,CW0037,PR005,2024-07-17,1000,Cash,Paid
CP00180,CW0037,PR005,2024-07-28,2000,UPI,Paid
CP00181,CW0038,PR005,2024-07-25,1000,Cash,Paid
CP00182,CW0038,PR005,2024-07-27,1000,UPI,Paid
CP00183,CW0038,PR005,2024-07-29,3000,Bank Transfer,Paid
CP00184,CW0038,PR005,2024-07-31,1000,UPI,Paid
CP00185,CW0038,PR005,2024-08-02,1000,Cash,Paid
CP00186,CW0038,PR005,2024-08-13,4000,Cash,Paid
CP00187,CW0039,PR005,2024-08-11,4000,Bank Transfer,Paid
CP00188,CW0039,PR005,2024-08-14,6000,UPI,Paid
CP00189,CW0039,PR005,2024-08-17,1000,UPI,Paid
CP00190,CW0039,PR005,2024-08-20,8000,Bank Transfer,Paid
CP00191,CW0039,PR005,2024-08-27,1000,UPI,Paid
CP00192,CW0040,PR005,2024-08-27,13000,UPI,Paid
CP00193,CW0040,PR005,2024-08-30,4000,Cash,Paid
CP00194,CW0040,PR005,2024-09-02,13000,UPI,Paid
CP00195,CW0040,PR005,2024-09-05,12000,UPI,Paid
CP00196,CW0040,PR005,2024-09-10,5000,Bank Transfer,Paid
CP00197,CW0041,PR005,2024-09-13,42000,Bank Transfer,Paid
CP00198,CW0041,PR005,2024-09-17,5000,Cheque,Paid
CP00199,CW0041,PR005,2024-09-21,7000,Cash,Paid
CP00200,CW0041,PR005,2024-09-27,7000,UPI,Paid
CP00201,CW0042,PR005,2024-09-28,11000,UPI,Paid
CP00202,CW0042,PR005,2024-10-01,1000,Cheque,Paid
CP00203,CW0042,PR005,2024-10-04,9000,UPI,Paid
CP00204,CW0042,PR005,2024-10-07,16000,Cash,Paid
CP00205,CW0042,PR005,2024-10-12,15000,Cheque,Paid
CP00206,CW0043,PR006,2024-06-15,1000,Cash,Paid
CP00207,CW0043,PR006,2024-06-17,3000,Cheque,Paid
CP00208,CW0043,PR006,2024-06-19,8000,Cheque,Paid
CP00209,CW0043,PR006,2024-06-27,1000,Bank Transfer,Paid
CP00210,CW0044,PR006,2024-06-26,1000,Cash,Paid
CP00211,CW0044,PR006,2024-06-28,1000,UPI,Paid
CP00212,CW0044,PR006,2024-06-30,1000,UPI,Paid
CP00213,CW0044,PR006,2024-07-02,3000,Cash,Paid
CP00214,CW0044,PR006,2024-07-09,1000,UPI,Paid
CP00215,CW0045,PR006,2024-07-08,1000,UPI,Paid
CP00216,CW0045,PR006,2024-07-11,1000,Cash,Paid
CP00217,CW0045,PR006,2024-07-21,1000,Cheque,Paid
CP00218,CW0046,PR006,2024-07-18,18000,Cash,Paid
CP00219,CW0046,PR006,2024-07-20,2000,Cheque,Paid
CP00220,CW0046,PR006,2024-07-22,3000,UPI,Paid
CP00221,CW0046,PR006,2024-07-24,6000,UPI,Paid
CP00222,CW0046,PR006,2024-07-30,4000,UPI,Paid
CP00223,CW0047,PR006,2024-07-28,1000,Bank Transfer,Paid
CP00224,CW0047,PR006,2024-07-29,1000,Cheque,Paid
CP00225,CW0047,PR006,2024-07-30,2000,Bank Transfer,Paid
CP00226,CW0047,PR006,2024-07-31,1000,Bank Transfer,Paid
CP00227,CW0047,PR006,2024-08-01,1000,Cash,Paid
CP00228,CW0047,PR006,2024-08-12,2000,Bank Transfer,Paid
CP00229,CW0048,PR006,2024-08-09,5000,Cash,Paid
CP00230,CW0048,PR006,2024-08-11,4000,Cash,Paid
CP00231,CW0048,PR006,2024-08-13,15000,Bank Transfer,Paid
CP00232,CW0048,PR006,2024-08-15,4000,Cheque,Paid
CP00233,CW0048,PR006,2024-08-20,5000,Cheque,Paid
CP00234,CW0049,PR006,2024-08-20,4000,Cheque,Paid
CP00235,CW0049,PR006,2024-08-22,4000,Cheque,Paid
CP00236,CW0049,PR006,2024-08-24,1000,Cheque,Paid
CP00237,CW0049,PR006,2024-08-26,1000,Bank Transfer,Paid
CP00238,CW0049,PR006,2024-08-31,7000,Bank Transfer,Paid
CP00239,CW0050,PR006,2024-08-30,9000,UPI,Paid
CP00240,CW0050,PR006,2024-08-31,6000,Cheque,Paid
CP00241,CW0050,PR006,2024-09-01,51000,Bank Transfer,Paid
CP00242,CW0050,PR006,2024-09-02,12000,UPI,Paid
CP00243,CW0050,PR006,2024-09-03,17000,Cheque,Paid
CP00244,CW0050,PR006,2024-09-10,18000,Cash,Paid
CP00245,CW0051,PR007,2024-08-26,12000,UPI,Paid
CP00246,CW0051,PR007,2024-08-31,16000,Bank Transfer,Paid
CP00247,CW0051,PR007,2024-09-05,2000,Cash,Paid
CP00248,CW0051,PR007,2024-09-10,11000,Cash,Paid
CP00249,CW0051,PR007,2024-09-22,66000,Cash,Paid
CP00250,CW0052,PR007,2024-09-22,12000,UPI,Paid
CP00251,CW0052,PR007,2024-09-27,24000,Bank Transfer,Paid
CP00252,CW0052,PR007,2024-10-02,7000,Cash,Paid
CP00253,CW0052,PR007,2024-10-07,26000,Cheque,Paid
CP00254,CW0052,PR007,2024-10-19,19000,Cash,Paid
CP00255,CW0053,PR007,2024-10-20,1000,Cash,Paid
CP00256,CW0053,PR007,2024-10-26,5000,UPI,Paid
CP00257,CW0053,PR007,2024-11-01,3000,UPI,Paid
CP00258,CW0053,PR007,2024-11-15,1000,Bank Transfer,Paid
CP00259,CW0054,PR007,2024-11-16,13000,Cheque,Paid
CP00260,CW0054,PR007,2024-11-22,1000,UPI,Paid
CP00261,CW0054,PR007,2024-11-28,29000,Cash,Paid
CP00262,CW0054,PR007,2024-12-12,15000,Bank Transfer,Paid
CP00263,CW0055,PR007,2024-12-13,21000,Cash,Paid
CP00264,CW0055,PR007,2024-12-19,1000,Cash,Paid
CP00265,CW0055,PR007,2024-12-25,37000,UPI,Paid
CP00266,CW0055,PR007,2025-01-07,10000,Bank Transfer,Paid
CP00267,CW0056,PR007,2025-01-09,62000,Cheque,Paid
CP00268,CW0056,PR007,2025-01-15,4000,Cheque,Paid
CP00269,CW0056,PR007,2025-01-21,29000,UPI,Paid
CP00270,CW0056,PR007,2025-01-31,51000,UPI,Paid
CP00271,CW0057,PR007,2025-02-04,7000,Bank Transfer,Paid
CP00272,CW0057,PR007,2025-02-09,20000,Cheque,Paid
CP00273,CW0057,PR007,2025-02-14,5000,Cheque,Paid
CP00274,CW0057,PR007,2025-02-19,2000,Cheque,Paid
CP00275,CW0057,PR007,2025-03-01,13000,Cash,Paid
CP00276,CW0058,PR007,2025-03-03,1000,Cheque,Paid
CP00277,CW0058,PR007,2025-03-08,1000,Cash,Paid
CP00278,CW0058,PR007,2025-03-13,3000,Bank Transfer,Paid
CP00279,CW0058,PR007,2025-03-18,1000,Cash,Paid
CP00280,CW0058,PR007,2025-03-29,2000,Bank Transfer,Paid
CP00281,CW0059,PR008,2024-12-07,3000,Cheque,Paid
CP00282,CW0059,PR008,2024-12-14,1000,Cheque,Paid
CP00283,CW0059,PR008,2024-12-21,1000,Bank Transfer,Paid
CP00284,CW0059,PR008,2024-12-28,1000,UPI,Paid
CP00285,CW0059,PR008,2025-01-07,2000,Bank Transfer,Paid
CP00286,CW0060,PR008,2025-01-14,7000,UPI,Paid
CP00287,CW0060,PR008,2025-01-23,2000,Cash,Paid
CP00288,CW0060,PR008,2025-02-01,24000,Cash,Paid
CP00289,CW0060,PR008,2025-02-11,13000,Cash,Paid
CP00290,CW0061,PR008,2025-02-19,18000,Cheque,Paid
CP00291,CW0061,PR008,2025-02-28,18000,Cash,Paid
CP00292,CW0061,PR008,2025-03-09,7000,UPI,Paid
CP00293,CW0061,PR008,2025-03-21,19000,Cash,Paid
CP00294,CW0062,PR008,2025-03-27,5000,Bank Transfer,Paid
CP00295,CW0062,PR008,2025-04-05,24000,Bank Transfer,Paid
CP00296,CW0062,PR008,2025-04-14,2000,Cheque,Paid
CP00297,CW0062,PR008,2025-04-26,20000,Bank Transfer,Paid
CP00298,CW0063,PR008,2025-05-02,78000,UPI,Paid
CP00299,CW0063,PR008,2025-05-11,44000,Cash,Paid
CP00300,CW0063,PR008,2025-05-20,24000,Cheque,Paid
CP00301,CW0063,PR008,2025-06-01,6000,Cash,Paid
CP00302,CW0064,PR008,2025-06-04,4000,Cash,Paid
CP00303,CW0064,PR008,2025-06-10,8000,UPI,Paid
CP00304,CW0064,PR008,2025-06-16,4000,Bank Transfer,Paid
CP00305,CW0064,PR008,2025-06-22,17000,Bank Transfer,Paid
CP00306,CW0064,PR008,2025-06-28,6000,Cash,Paid
CP00307,CW0064,PR008,2025-07-07,7000,Cheque,Paid
CP00308,CW0065,PR008,2025-07-13,11000,Bank Transfer,Paid
CP00309,CW0065,PR008,2025-07-22,5000,Cheque,Paid
CP00310,CW0065,PR008,2025-07-31,15000,Bank Transfer,Paid
CP00311,CW0065,PR008,2025-08-12,5000,Cheque,Paid
CP00312,CW0066,PR008,2025-08-16,11000,UPI,Paid
CP00313,CW0066,PR008,2025-08-23,148000,Cheque,Paid
CP00314,CW0066,PR008,2025-08-30,107000,UPI,Paid
CP00315,CW0066,PR008,2025-09-06,47000,UPI,Paid
CP00316,CW0066,PR008,2025-09-18,14000,Cheque,Paid
CP00317,CW0067,PR008,2025-09-21,2000,UPI,Paid
CP00318,CW0067,PR008,2025-09-28,22000,Cash,Paid
CP00319,CW0067,PR008,2025-10-05,26000,UPI,Paid
CP00320,CW0067,PR008,2025-10-12,60000,Bank Transfer,Paid
CP00321,CW0067,PR008,2025-10-22,26000,Cheque,Paid
CP00322,CW0068,PR008,2025-10-29,4000,Cash,Paid
CP00323,CW0068,PR008,2025-11-07,7000,Cheque,Paid
CP00324,CW0068,PR008,2025-11-16,27000,Bank Transfer,Paid
CP00325,CW0068,PR008,2025-11-26,14000,Bank Transfer,Paid
CP00326,CW0069,PR009,2024-12-16,1000,Bank Transfer,Paid
CP00327,CW0069,PR009,2024-12-19,3000,UPI,Paid
CP00328,CW0069,PR009,2024-12-22,6000,UPI,Paid
CP00329,CW0069,PR009,2024-12-25,12000,Cheque,Paid
CP00330,CW0069,PR009,2025-01-04,1000,Cheque,Paid
CP00331,CW0070,PR009,2025-01-02,1000,Cash,Paid
CP00332,CW0070,PR009,2025-01-05,11000,Cash,Paid
CP00333,CW0070,PR009,2025-01-08,8000,Cheque,Paid
CP00334,CW0070,PR009,2025-01-11,11000,UPI,Paid
CP00335,CW0070,PR009,2025-01-17,2000,Bank Transfer,Paid
CP00336,CW0071,PR009,2025-01-18,1000,Cheque,Paid
CP00337,CW0071,PR009,2025-01-20,13000,Cash,Paid
CP00338,CW0071,PR009,2025-01-22,17000,UPI,Paid
CP00339,CW0071,PR009,2025-01-24,1000,Cheque,Paid
CP00340,CW0071,PR009,2025-01-26,3000,Cheque,Paid
CP00341,CW0071,PR009,2025-02-03,21000,UPI,Paid
CP00342,CW0072,PR009,2025-02-06,11000,Cheque,Paid
CP00343,CW0072,PR009,2025-02-10,3000,UPI,Paid
CP00344,CW0072,PR009,2025-02-14,1000,Bank Transfer,Paid
CP00345,CW0072,PR009,2025-02-23,10000,UPI,Paid
CP00346,CW0073,PR009,2025-02-22,6000,UPI,Paid
CP00347,CW0073,PR009,2025-02-25,1000,UPI,Paid
CP00348,CW0073,PR009,2025-02-28,32000,Cheque,Paid
CP00349,CW0073,PR009,2025-03-03,11000,Cheque,Paid
CP00350,CW0073,PR009,2025-03-09,3000,UPI,Paid
CP00351,CW0074,PR009,2025-03-12,2000,Cheque,Paid
CP00352,CW0074,PR009,2025-03-16,8000,Cash,Paid
CP00353,CW0074,PR009,2025-03-20,2000,Cash,Paid
CP00354,CW0074,PR009,2025-03-27,18000,Cheque,Paid
CP00355,CW0075,PR009,2025-03-28,1000,Cheque,Paid
CP00356,CW0075,PR009,2025-03-31,1000,UPI,Paid
CP00357,CW0075,PR009,2025-04-03,1000,Bank Transfer,Paid
CP00358,CW0075,PR009,2025-04-06,1000,Cheque,Paid
CP00359,CW0075,PR009,2025-04-14,5000,Cash,Paid
CP00360,CW0076,PR009,2025-04-13,79000,UPI,Paid
CP00361,CW0076,PR009,2025-04-15,7000,Cheque,Paid
CP00362,CW0076,PR009,2025-04-17,43000,Cash,Paid
CP00363,CW0076,PR009,2025-04-19,97000,Cash,Paid
CP00364,CW0076,PR009,2025-04-21,46000,Bank Transfer,Paid
CP00365,CW0076,PR009,2025-05-01,79000,UPI,Paid
CP00366,CW0077,PR010,2025-01-09,6000,UPI,Paid
CP00367,CW0077,PR010,2025-01-13,20000,Bank Transfer,Paid
CP00368,CW0077,PR010,2025-01-17,6000,Bank Transfer,Paid
CP00369,CW0077,PR010,2025-01-21,6000,UPI,Paid
CP00370,CW0077,PR010,2025-01-30,1000,UPI,Paid
CP00371,CW0078,PR010,2025-02-02,1000,Cheque,Paid
CP00372,CW0078,PR010,2025-02-09,1000,Cheque,Paid
CP00373,CW0078,PR010,2025-02-18,1000,Bank Transfer,Paid
CP00374,CW0079,PR010,2025-02-20,2000,Cheque,Paid
CP00375,CW0079,PR010,2025-02-24,2000,Cash,Paid
CP00376,CW0079,PR010,2025-02-28,3000,Cheque,Paid
CP00377,CW0079,PR010,2025-03-04,19000,Cheque,Paid
CP00378,CW0079,PR010,2025-03-10,3000,Cash,Paid
CP00379,CW0080,PR010,2025-03-13,2000,Bank Transfer,Paid
CP00380,CW0080,PR010,2025-03-17,3000,Cash,Paid
CP00381,CW0080,PR010,2025-03-21,1000,Cheque,Paid
CP00382,CW0080,PR010,2025-03-25,6000,Bank Transfer,Paid
CP00383,CW0080,PR010,2025-04-04,9000,Cheque,Paid
CP00384,CW0081,PR010,2025-04-09,1000,Cash,Paid
CP00385,CW0081,PR010,2025-04-23,1000,Cash,Paid
CP00386,CW0082,PR010,2025-04-25,49000,Cheque,Paid
CP00387,CW0082,PR010,2025-04-30,12000,UPI,Paid
CP00388,CW0082,PR010,2025-05-05,26000,UPI,Paid
CP00389,CW0082,PR010,2025-05-15,14000,Cash,Paid
CP00390,CW0083,PR010,2025-05-14,13000,Cash,Paid
CP00391,CW0083,PR010,2025-05-17,56000,UPI,Paid
CP00392,CW0083,PR010,2025-05-20,12000,UPI,Paid
CP00393,CW0083,PR010,2025-05-23,2000,Cheque,Paid
CP00394,CW0083,PR010,2025-05-26,6000,Cheque,Paid
CP00395,CW0083,PR010,2025-06-04,5000,UPI,Paid
CP00396,CW0084,PR010,2025-06-06,21000,Cheque,Paid
CP00397,CW0084,PR010,2025-06-11,7000,Cheque,Paid
CP00398,CW0084,PR010,2025-06-16,47000,Bank Transfer,Paid
CP00399,CW0084,PR010,2025-06-26,54000,Cheque,Paid
CP00400,CW0085,PR011,2025-02-16,1000,Cash,Paid
CP00401,CW0085,PR011,2025-02-20,1000,Cheque,Paid
CP00402,CW0085,PR011,2025-02-24,1000,Cheque,Paid
CP00403,CW0085,PR011,2025-02-28,1000,UPI,Paid
CP00404,CW0085,PR011,2025-03-04,2000,Cash,Paid
CP00405,CW0085,PR011,2025-03-09,2000,Cheque,Paid
CP00406,CW0086,PR011,2025-03-12,7000,Cheque,Paid
CP00407,CW0086,PR011,2025-03-16,12000,Bank Transfer,Paid
CP00408,CW0086,PR011,2025-03-20,10000,Cheque,Paid
CP00409,CW0086,PR011,2025-03-24,9000,Cheque,Paid
CP00410,CW0086,PR011,2025-04-04,13000,Bank Transfer,Paid
CP00411,CW0087,PR011,2025-04-05,4000,UPI,Paid
CP00412,CW0087,PR011,2025-04-09,4000,Cheque,Paid
CP00413,CW0087,PR011,2025-04-13,40000,Bank Transfer,Paid
CP00414,CW0087,PR011,2025-04-17,18000,Cash,Paid
CP00415,CW0087,PR011,2025-04-28,27000,UPI,Paid
CP00416,CW0088,PR011,2025-04-29,12000,Cash,Paid
CP00417,CW0088,PR011,2025-05-03,2000,Cash,Paid
CP00418,CW0088,PR011,2025-05-07,12000,Bank Transfer,Paid
CP00419,CW0088,PR011,2025-05-11,3000,Cheque,Paid
CP00420,CW0088,PR011,2025-05-23,8000,Bank Transfer,Paid
CP00421,CW0089,PR011,2025-05-25,3000,Bank Transfer,Paid
CP00422,CW0089,PR011,2025-05-31,1000,Bank Transfer,Paid
CP00423,CW0089,PR011,2025-06-06,3000,Bank Transfer,Paid
CP00424,CW0089,PR011,2025-06-17,1000,UPI,Paid
CP00425,CW0090,PR011,2025-06-18,3000,Cheque,Paid
CP00426,CW0090,PR011,2025-06-24,6000,Cash,Paid
CP00427,CW0090,PR011,2025-06-30,12000,Cash,Paid
CP00428,CW0090,PR011,2025-07-08,5000,Cheque,Paid
CP00429,CW0091,PR011,2025-07-10,19000,Cash,Paid
CP00430,CW0091,PR011,2025-07-14,5000,Cheque,Paid
CP00431,CW0091,PR011,2025-07-18,1000,Cash,Paid
CP00432,CW0091,PR011,2025-07-22,11000,Bank Transfer,Paid
CP00433,CW0091,PR011,2025-07-26,4000,Cash,Paid
CP00434,CW0091,PR011,2025-08-03,24000,Cheque,Paid
CP00435,CW0092,PR011,2025-08-05,27000,Cheque,Paid
CP00436,CW0092,PR011,2025-08-11,170000,Cheque,Paid
CP00437,CW0092,PR011,2025-08-17,13000,Cheque,Paid
CP00438,CW0092,PR011,2025-08-26,12000,Cheque,Paid
CP00439,CW0093,PR011,2025-08-27,8000,UPI,Paid
CP00440,CW0093,PR011,2025-08-31,11000,UPI,Paid
CP00441,CW0093,PR011,2025-09-04,9000,Cash,Paid
CP00442,CW0093,PR011,2025-09-08,6000,Cheque,Paid
CP00443,CW0093,PR011,2025-09-18,5000,Cash,Paid
CP00444,CW0094,PR011,2025-09-20,10000,Cheque,Paid
CP00445,CW0094,PR011,2025-09-24,1000,Cheque,Paid
CP00446,CW0094,PR011,2025-09-28,13000,UPI,Paid
CP00447,CW0094,PR011,2025-10-02,49000,UPI,Paid
CP00448,CW0094,PR011,2025-10-11,28000,Bank Transfer,Paid
CP00449,CW0095,PR012,2025-03-30,29000,UPI,Paid
CP00450,CW0095,PR012,2025-04-08,87000,Bank Transfer,Paid
CP00451,CW0095,PR012,2025-04-17,2000,Bank Transfer,Paid
CP00452,CW0095,PR012,2025-04-28,20000,Bank Transfer,Paid
CP00453,CW0096,PR012,2025-05-04,3000,Bank Transfer,Paid
CP00454,CW0096,PR012,2025-05-11,1000,Bank Transfer,Paid
CP00455,CW0096,PR012,2025-05-18,4000,Cash,Paid
CP00456,CW0096,PR012,2025-05-25,3000,UPI,Paid
CP00457,CW0096,PR012,2025-06-08,1000,Bank Transfer,Paid
CP00458,CW0097,PR012,2025-06-09,8000,Cheque,Paid
CP00459,CW0097,PR012,2025-06-15,4000,UPI,Paid
CP00460,CW0097,PR012,2025-06-21,9000,UPI,Paid
CP00461,CW0097,PR012,2025-06-27,1000,Bank Transfer,Paid
CP00462,CW0097,PR012,2025-07-03,9000,Cash,Paid
CP00463,CW0097,PR012,2025-07-13,2000,Bank Transfer,Paid
CP00464,CW0098,PR012,2025-07-19,6000,Cash,Paid
CP00465,CW0098,PR012,2025-07-28,8000,Cheque,Paid
CP00466,CW0098,PR012,2025-08-06,66000,UPI,Paid
CP00467,CW0098,PR012,2025-08-17,71000,Cheque,Paid
CP00468,CW0099,PR012,2025-08-23,15000,Cash,Paid
CP00469,CW0099,PR012,2025-08-30,21000,Cash,Paid
CP00470,CW0099,PR012,2025-09-06,3000,Cheque,Paid
CP00471,CW0099,PR012,2025-09-13,36000,Cash,Paid
CP00472,CW0099,PR012,2025-09-23,1000,Cheque,Paid
CP00473,CW0100,PR012,2025-10-01,17000,UPI,Paid
CP00474,CW0100,PR012,2025-10-10,17000,Cheque,Paid
CP00475,CW0100,PR012,2025-10-19,51000,UPI,Paid
CP00476,CW0100,PR012,2025-10-30,22000,Cheque,Paid
CP00477,CW0101,PR012,2025-11-04,5000,Cash,Paid
CP00478,CW0101,PR012,2025-11-10,8000,Cheque,Paid
CP00479,CW0101,PR012,2025-11-16,26000,Cash,Paid
CP00480,CW0101,PR012,2025-11-22,14000,Cheque,Paid
CP00481,CW0101,PR012,2025-11-28,11000,Cheque,Paid
CP00482,CW0101,PR012,2025-12-06,4000,Bank Transfer,Paid
CP00483,CW0102,PR012,2025-12-12,4000,Cash,Paid
CP00484,CW0102,PR012,2025-12-19,25000,Bank Transfer,Paid
CP00485,CW0102,PR012,2025-12-26,2000,Cash,Paid
CP00486,CW0102,PR012,2026-01-02,4000,Bank Transfer,Paid
CP00487,CW0102,PR012,2026-01-14,14000,UPI,Paid
CP00488,CW0103,PR013,2025-04-01,2000,Cheque,Paid
CP00489,CW0103,PR013,2025-04-06,6000,Cash,Paid
CP00490,CW0103,PR013,2025-04-11,2000,Cash,Paid
CP00491,CW0103,PR013,2025-04-20,2000,Cheque,Paid
CP00492,CW0104,PR013,2025-04-24,5000,Cash,Paid
CP00493,CW0104,PR013,2025-04-29,5000,Cash,Paid
CP00494,CW0104,PR013,2025-05-04,3000,Bank Transfer,Paid
CP00495,CW0104,PR013,2025-05-17,1000,Cash,Paid
CP00496,CW0105,PR013,2025-05-16,2000,UPI,Paid
CP00497,CW0105,PR013,2025-05-20,6000,UPI,Paid
CP00498,CW0105,PR013,2025-05-24,5000,Cheque,Paid
CP00499,CW0105,PR013,2025-05-28,21000,Cash,Paid
CP00500,CW0105,PR013,2025-06-06,19000,Cheque,Paid
CP00501,CW0106,PR013,2025-06-09,4000,UPI,Paid
CP00502,CW0106,PR013,2025-06-14,26000,Cash,Paid
CP00503,CW0106,PR013,2025-06-19,61000,Cash,Paid
CP00504,CW0106,PR013,2025-06-30,6000,Cheque,Paid
CP00505,CW0107,PR013,2025-06-30,3000,UPI,Paid
CP00506,CW0107,PR013,2025-07-03,3000,Cash,Paid
CP00507,CW0107,PR013,2025-07-06,6000,Cheque,Paid
CP00508,CW0107,PR013,2025-07-09,4000,UPI,Paid
CP00509,CW0107,PR013,2025-07-12,7000,Cheque,Paid
CP00510,CW0107,PR013,2025-07-24,1000,Bank Transfer,Paid
CP00511,CW0108,PR013,2025-07-24,4000,Cash,Paid
CP00512,CW0108,PR013,2025-07-28,13000,Bank Transfer,Paid
CP00513,CW0108,PR013,2025-08-01,13000,UPI,Paid
CP00514,CW0108,PR013,2025-08-05,4000,Bank Transfer,Paid
CP00515,CW0108,PR013,2025-08-16,6000,Bank Transfer,Paid
CP00516,CW0109,PR013,2025-08-16,1000,UPI,Paid
CP00517,CW0109,PR013,2025-08-20,1000,Cheque,Paid
CP00518,CW0109,PR013,2025-08-24,1000,Bank Transfer,Paid
CP00519,CW0109,PR013,2025-08-28,1000,Cheque,Paid
CP00520,CW0109,PR013,2025-09-08,2000,Bank Transfer,Paid
CP00521,CW0110,PR013,2025-09-09,17000,Cheque,Paid
CP00522,CW0110,PR013,2025-09-14,7000,UPI,Paid
CP00523,CW0110,PR013,2025-09-19,9000,Bank Transfer,Paid
CP00524,CW0110,PR013,2025-09-30,31000,UPI,Paid
CP00525,CW0111,PR014,2025-04-06,49000,Bank Transfer,Paid
CP00526,CW0111,PR014,2025-04-10,6000,UPI,Paid
CP00527,CW0111,PR014,2025-04-14,29000,UPI,Paid
CP00528,CW0111,PR014,2025-04-21,28000,Bank Transfer,Paid
CP00529,CW0112,PR014,2025-04-22,3000,Bank Transfer,Paid
CP00530,CW0112,PR014,2025-04-25,2000,Bank Transfer,Paid
CP00531,CW0112,PR014,2025-04-28,2000,Cash,Paid
CP00532,CW0112,PR014,2025-05-01,2000,Cheque,Paid
CP00533,CW0112,PR014,2025-05-07,2000,Cash,Paid
CP00534,CW0113,PR014,2025-05-08,4000,Cash,Paid
CP00535,CW0113,PR014,2025-05-10,1000,UPI,Paid
CP00536,CW0113,PR014,2025-05-12,2000,Bank Transfer,Paid
CP00537,CW0113,PR014,2025-05-14,10000,Cheque,Paid
CP00538,CW0113,PR014,2025-05-16,1000,UPI,Paid
CP00539,CW0113,PR014,2025-05-25,1000,Cash,Paid
CP00540,CW0114,PR014,2025-05-25,5000,Bank Transfer,Paid
CP00541,CW0114,PR014,2025-05-27,5000,UPI,Paid
CP00542,CW0114,PR014,2025-05-29,8000,Bank Transfer,Paid
CP00543,CW0114,PR014,2025-05-31,5000,UPI,Paid
CP00544,CW0114,PR014,2025-06-02,4000,Bank Transfer,Paid
CP00545,CW0114,PR014,2025-06-12,2000,Cash,Paid
CP00546,CW0115,PR014,2025-06-11,3000,Cheque,Paid
CP00547,CW0115,PR014,2025-06-13,4000,Cash,Paid
CP00548,CW0115,PR014,2025-06-15,2000,Cheque,Paid
CP00549,CW0115,PR014,2025-06-17,3000,Bank Transfer,Paid
CP00550,CW0115,PR014,2025-06-19,3000,UPI,Paid
CP00551,CW0115,PR014,2025-06-27,2000,Cash,Paid
CP00552,CW0116,PR014,2025-06-29,17000,Cheque,Paid
CP00553,CW0116,PR014,2025-07-02,2000,Cash,Paid
CP00554,CW0116,PR014,2025-07-05,1000,Cheque,Paid
CP00555,CW0116,PR014,2025-07-08,10000,Cash,Paid
CP00556,CW0116,PR014,2025-07-16,2000,Cheque,Paid
CP00557,CW0117,PR014,2025-07-17,1000,Cheque,Paid
CP00558,CW0117,PR014,2025-07-21,2000,Bank Transfer,Paid
CP00559,CW0117,PR014,2025-07-25,2000,Cheque,Paid
CP00560,CW0117,PR014,2025-08-03,1000,Bank Transfer,Paid
CP00561,CW0118,PR014,2025-08-03,4000,Cheque,Paid
CP00562,CW0118,PR014,2025-08-07,11000,UPI,Paid
CP00563,CW0118,PR014,2025-08-11,6000,UPI,Paid
CP00564,CW0118,PR014,2025-08-20,5000,UPI,Paid
CP00565,CW0119,PR015,2025-04-25,2000,Cheque,Paid
CP00566,CW0119,PR015,2025-04-29,4000,Bank Transfer,Paid
CP00567,CW0119,PR015,2025-05-03,4000,Bank Transfer,Paid
CP00568,CW0119,PR015,2025-05-07,8000,Cheque,Paid
CP00569,CW0119,PR015,2025-05-18,23000,UPI,Paid
CP00570,CW0120,PR015,2025-05-19,16000,UPI,Paid
CP00571,CW0120,PR015,2025-05-24,24000,Bank Transfer,Paid
CP00572,CW0120,PR015,2025-05-29,31000,UPI,Paid
CP00573,CW0120,PR015,2025-06-10,37000,Cash,Paid
CP00574,CW0121,PR015,2025-06-11,2000,Bank Transfer,Paid
CP00575,CW0121,PR015,2025-06-16,1000,UPI,Paid
CP00576,CW0121,PR015,2025-06-21,10000,Bank Transfer,Paid
CP00577,CW0121,PR015,2025-07-02,5000,Cash,Paid
CP00578,CW0122,PR015,2025-07-03,10000,Bank Transfer,Paid
CP00579,CW0122,PR015,2025-07-07,3000,Bank Transfer,Paid
CP00580,CW0122,PR015,2025-07-11,8000,Bank Transfer,Paid
CP00581,CW0122,PR015,2025-07-15,4000,Bank Transfer,Paid
CP00582,CW0122,PR015,2025-07-24,8000,Cash,Paid
CP00583,CW0123,PR015,2025-07-25,3000,Cheque,Paid
CP00584,CW0123,PR015,2025-07-28,3000,Bank Transfer,Paid
CP00585,CW0123,PR015,2025-07-31,1000,Bank Transfer,Paid
CP00586,CW0123,PR015,2025-08-03,10000,UPI,Paid
CP00587,CW0123,PR015,2025-08-06,3000,Bank Transfer,Paid
CP00588,CW0123,PR015,2025-08-18,1000,UPI,Paid
CP00589,CW0124,PR015,2025-08-18,34000,Cheque,Paid
CP00590,CW0124,PR015,2025-08-22,3000,Cash,Paid
CP00591,CW0124,PR015,2025-08-26,16000,Cash,Paid
CP00592,CW0124,PR015,2025-08-30,17000,Cheque,Paid
CP00593,CW0124,PR015,2025-09-10,17000,Cash,Paid
CP00594,CW0125,PR015,2025-09-09,17000,Cheque,Paid
CP00595,CW0125,PR015,2025-09-12,2000,Cheque,Paid
CP00596,CW0125,PR015,2025-09-15,10000,Cheque,Paid
CP00597,CW0125,PR015,2025-09-18,11000,Cash,Paid
CP00598,CW0125,PR015,2025-09-21,12000,UPI,Paid
CP00599,CW0125,PR015,2025-10-02,15000,Cheque,Paid
CP00600,CW0126,PR015,2025-10-04,6000,Bank Transfer,Paid
CP00601,CW0126,PR015,2025-10-09,7000,Cash,Paid
CP00602,CW0126,PR015,2025-10-14,25000,Cheque,Paid
CP00603,CW0126,PR015,2025-10-25,15000,Cheque,Paid
CP00604,CW0127,PR016,2025-05-22,30000,Bank Transfer,Paid
CP00605,CW0127,PR016,2025-05-29,16000,UPI,Paid
CP00606,CW0127,PR016,2025-06-05,9000,UPI,Paid
CP00607,CW0127,PR016,2025-06-12,12000,UPI,Paid
CP00608,CW0127,PR016,2025-06-23,1000,Cheque,Paid
CP00609,CW0128,PR016,2025-06-29,8000,Cheque,Paid
CP00610,CW0128,PR016,2025-07-08,5000,Cheque,Paid
CP00611,CW0128,PR016,2025-07-17,8000,Cash,Paid
CP00612,CW0128,PR016,2025-07-27,12000,Bank Transfer,Paid
CP00613,CW0129,PR016,2025-08-02,2000,Cheque,Paid
CP00614,CW0129,PR016,2025-08-09,3000,Bank Transfer,Paid
CP00615,CW0129,PR016,2025-08-16,1000,Bank Transfer,Paid
CP00616,CW0129,PR016,2025-08-23,5000,UPI,Paid
CP00617,CW0129,PR016,2025-09-01,1000,Cash,Paid
CP00618,CW0130,PR016,2025-09-09,51000,Cheque,Paid
CP00619,CW0130,PR016,2025-09-18,22000,UPI,Paid
CP00620,CW0130,PR016,2025-09-27,2000,UPI,Paid
CP00621,CW0130,PR016,2025-10-08,9000,Cheque,Paid
CP00622,CW0131,PR016,2025-10-15,6000,Bank Transfer,Paid
CP00623,CW0131,PR016,2025-10-24,3000,UPI,Paid
CP00624,CW0131,PR016,2025-11-02,2000,Bank Transfer,Paid
CP00625,CW0131,PR016,2025-11-12,1000,Cash,Paid
CP00626,CW0132,PR016,2025-11-17,13000,Bank Transfer,Paid
CP00627,CW0132,PR016,2025-11-23,22000,Cash,Paid
CP00628,CW0132,PR016,2025-11-29,81000,Bank Transfer,Paid
CP00629,CW0132,PR016,2025-12-05,18000,UPI,Paid
CP00630,CW0132,PR016,2025-12-11,21000,UPI,Paid
CP00631,CW0132,PR016,2025-12-19,8000,Cash,Paid
CP00632,CW0133,PR016,2025-12-23,3000,Cheque,Paid
CP00633,CW0133,PR016,2025-12-29,2000,Cash,Paid
CP00634,CW0133,PR016,2026-01-04,1000,Cash,Paid
CP00635,CW0133,PR016,2026-01-10,1000,Bank Transfer,Paid
CP00636,CW0133,PR016,2026-01-16,6000,Bank Transfer,Paid
CP00637,CW0133,PR016,2026-01-23,2000,Cash,Paid
CP00638,CW0134,PR016,2026-01-29,13000,UPI,Paid
CP00639,CW0134,PR016,2026-02-05,5000,Bank Transfer,Paid
CP00640,CW0134,PR016,2026-02-12,11000,Cheque,Paid
CP00641,CW0134,PR016,2026-02-19,7000,Bank Transfer,Paid
CP00642,CW0134,PR016,2026-03-02,16000,Bank Transfer,Paid
CP00643,CW0135,PR017,2025-07-02,2000,Cheque,Paid
CP00644,CW0135,PR017,2025-07-07,5000,Cash,Paid
CP00645,CW0135,PR017,2025-07-12,32000,Cheque,Paid
CP00646,CW0135,PR017,2025-07-25,8000,Cash,Paid
CP00647,CW0136,PR017,2025-07-25,1000,Cash,Paid
CP00648,CW0136,PR017,2025-07-30,1000,Cash,Paid
CP00649,CW0136,PR017,2025-08-04,1000,Cheque,Paid
CP00650,CW0136,PR017,2025-08-14,1000,Cash,Paid
CP00651,CW0137,PR017,2025-09-08,1000,UPI,Paid
CP00652,CW0138,PR017,2025-09-08,2000,Cheque,Paid
CP00653,CW0138,PR017,2025-09-12,1000,UPI,Paid
CP00654,CW0138,PR017,2025-09-16,2000,Cash,Paid
CP00655,CW0138,PR017,2025-09-20,6000,Bank Transfer,Paid
CP00656,CW0138,PR017,2025-09-30,1000,Cash,Paid
CP00657,CW0139,PR017,2025-10-02,7000,UPI,Paid
CP00658,CW0139,PR017,2025-10-07,5000,UPI,Paid
CP00659,CW0139,PR017,2025-10-12,2000,Cheque,Paid
CP00660,CW0139,PR017,2025-10-22,26000,Bank Transfer,Paid
CP00661,CW0140,PR017,2025-10-24,3000,Cheque,Paid
CP00662,CW0140,PR017,2025-10-28,6000,UPI,Paid
CP00663,CW0140,PR017,2025-11-01,3000,Cash,Paid
CP00664,CW0140,PR017,2025-11-05,4000,Bank Transfer,Paid
CP00665,CW0140,PR017,2025-11-16,1000,Cash,Paid
CP00666,CW0141,PR017,2025-11-15,1000,Cash,Paid
CP00667,CW0141,PR017,2025-11-18,1000,Bank Transfer,Paid
CP00668,CW0141,PR017,2025-11-21,1000,Cheque,Paid
CP00669,CW0141,PR017,2025-11-24,1000,Cash,Paid
CP00670,CW0141,PR017,2025-11-27,2000,UPI,Paid
CP00671,CW0141,PR017,2025-12-07,2000,Cash,Paid
CP00672,CW0142,PR017,2025-12-30,1000,Bank Transfer,Paid
CP00673,CW0143,PR018,2025-07-19,4000,Bank Transfer,Paid
CP00674,CW0143,PR018,2025-07-24,10000,Bank Transfer,Paid
CP00675,CW0143,PR018,2025-07-29,15000,Cheque,Paid
CP00676,CW0143,PR018,2025-08-09,26000,Cash,Paid
CP00677,CW0144,PR018,2025-08-07,2000,Cheque,Paid
CP00678,CW0144,PR018,2025-08-10,7000,Cheque,Paid
CP00679,CW0144,PR018,2025-08-13,4000,Bank Transfer,Paid
CP00680,CW0144,PR018,2025-08-16,4000,Bank Transfer,Paid
CP00681,CW0144,PR018,2025-08-19,4000,Cheque,Paid
CP00682,CW0144,PR018,2025-08-29,4000,Cash,Paid
CP00683,CW0145,PR018,2025-08-29,21000,UPI,Paid
CP00684,CW0145,PR018,2025-09-02,4000,Cheque,Paid
CP00685,CW0145,PR018,2025-09-06,29000,Cash,Paid
CP00686,CW0145,PR018,2025-09-10,31000,Bank Transfer,Paid
CP00687,CW0145,PR018,2025-09-16,15000,Bank Transfer,Paid
CP00688,CW0146,PR018,2025-09-18,11000,Cash,Paid
CP00689,CW0146,PR018,2025-09-21,6000,UPI,Paid
CP00690,CW0146,PR018,2025-09-24,1000,Bank Transfer,Paid
CP00691,CW0146,PR018,2025-09-27,2000,Bank Transfer,Paid
CP00692,CW0146,PR018,2025-09-30,4000,Bank Transfer,Paid
CP00693,CW0146,PR018,2025-10-11,2000,Cash,Paid
CP00694,CW0147,PR018,2025-10-11,37000,Cheque,Paid
CP00695,CW0147,PR018,2025-10-16,25000,Bank Transfer,Paid
CP00696,CW0147,PR018,2025-10-21,50000,Cheque,Paid
CP00697,CW0147,PR018,2025-10-28,21000,UPI,Paid
CP00698,CW0148,PR018,2025-10-31,2000,Bank Transfer,Paid
CP00699,CW0148,PR018,2025-11-04,22000,Bank Transfer,Paid
CP00700,CW0148,PR018,2025-11-08,25000,UPI,Paid
CP00701,CW0148,PR018,2025-11-12,6000,Bank Transfer,Paid
CP00702,CW0148,PR018,2025-11-18,9000,Cheque,Paid
CP00703,CW0149,PR018,2025-11-22,15000,Cash,Paid
CP00704,CW0149,PR018,2025-11-27,31000,Cheque,Paid
CP00705,CW0149,PR018,2025-12-02,10000,Cash,Paid
CP00706,CW0149,PR018,2025-12-10,15000,Cash,Paid
CP00707,CW0150,PR018,2025-12-11,11000,Cheque,Paid
CP00708,CW0150,PR018,2025-12-14,5000,Cheque,Paid
CP00709,CW0150,PR018,2025-12-17,14000,Cheque,Paid
CP00710,CW0150,PR018,2025-12-20,5000,Cheque,Paid
CP00711,CW0150,PR018,2025-12-23,11000,UPI,Paid
CP00712,CW0150,PR018,2026-01-03,6000,Bank Transfer,Paid
CP00713,CW0151,PR018,2026-01-01,3000,Cash,Paid
CP00714,CW0151,PR018,2026-01-04,5000,Cheque,Paid
CP00715,CW0151,PR018,2026-01-07,1000,Cheque,Paid
CP00716,CW0151,PR018,2026-01-10,8000,Cheque,Paid
CP00717,CW0151,PR018,2026-01-13,1000,UPI,Paid
CP00718,CW0151,PR018,2026-01-21,1000,Cheque,Paid
CP00719,CW0152,PR018,2026-01-24,39000,Cheque,Paid
CP00720,CW0152,PR018,2026-01-29,2000,Cheque,Paid
CP00721,CW0152,PR018,2026-02-03,47000,Bank Transfer,Paid
CP00722,CW0152,PR018,2026-02-13,3000,UPI,Paid
CP00723,CW0153,PR019,2025-08-12,16000,Cheque,Paid
CP00724,CW0153,PR019,2025-08-21,7000,Cash,Paid
CP00725,CW0153,PR019,2025-08-30,27000,Cash,Paid
CP00726,CW0153,PR019,2025-09-12,2000,Cash,Paid
CP00727,CW0154,PR019,2025-09-17,9000,UPI,Paid
CP00728,CW0154,PR019,2025-09-24,44000,UPI,Paid
CP00729,CW0154,PR019,2025-10-01,8000,Cash,Paid
CP00730,CW0154,PR019,2025-10-08,24000,Cheque,Paid
CP00731,CW0154,PR019,2025-10-21,11000,UPI,Paid
CP00732,CW0155,PR019,2025-10-25,15000,Cash,Paid
CP00733,CW0155,PR019,2025-11-01,14000,Cash,Paid
CP00734,CW0155,PR019,2025-11-08,14000,Cheque,Paid
CP00735,CW0155,PR019,2025-11-15,3000,Bank Transfer,Paid
CP00736,CW0155,PR019,2025-11-28,11000,UPI,Paid
CP00737,CW0156,PR019,2025-12-02,4000,Cheque,Paid
CP00738,CW0156,PR019,2025-12-09,11000,Cash,Paid
CP00739,CW0156,PR019,2025-12-16,2000,Cash,Pending
CP00740,CW0156,PR019,2025-12-23,8000,Cheque,Pending
CP00741,CW0156,PR019,2026-01-03,21000,UPI,Pending
CP00742,CW0157,PR019,2026-01-08,16000,Bank Transfer,Pending
CP00743,CW0157,PR019,2026-01-14,3000,Bank Transfer,Pending
CP00744,CW0157,PR019,2026-01-20,11000,Cash,Pending
CP00745,CW0157,PR019,2026-01-26,40000,UPI,Pending
CP00746,CW0157,PR019,2026-02-01,11000,Bank Transfer,Pending
CP00747,CW0157,PR019,2026-02-10,10000,UPI,Pending
CP00748,CW0158,PR019,2026-02-14,2000,UPI,Pending
CP00749,CW0158,PR019,2026-02-14,5000,Cash,Pending
CP00750,CW0158,PR019,2026-02-14,12000,Bank Transfer,Pending
CP00751,CW0158,PR019,2026-02-14,1000,Cheque,Paid
CP00752,CW0158,PR019,2026-02-14,1000,Cash,Pending
CP00753,CW0159,PR020,2025-08-28,21000,Bank Transfer,Paid
CP00754,CW0159,PR020,2025-09-02,24000,Bank Transfer,Paid
CP00755,CW0159,PR020,2025-09-07,20000,Bank Transfer,Paid
CP00756,CW0159,PR020,2025-09-18,5000,Bank Transfer,Paid
CP00757,CW0160,PR020,2025-09-18,11000,Bank Transfer,Paid
CP00758,CW0160,PR020,2025-09-22,5000,UPI,Paid
CP00759,CW0160,PR020,2025-09-26,2000,Cash,Paid
CP00760,CW0160,PR020,2025-09-30,4000,UPI,Paid
CP00761,CW0160,PR020,2025-10-09,10000,Cheque,Paid
CP00762,CW0161,PR020,2025-10-10,1000,Bank Transfer,Paid
CP00763,CW0161,PR020,2025-10-14,2000,Cash,Paid
CP00764,CW0161,PR020,2025-10-18,8000,Bank Transfer,Paid
CP00765,CW0161,PR020,2025-10-22,9000,Cash,Paid
CP00766,CW0161,PR020,2025-10-30,3000,UPI,Paid
CP00767,CW0162,PR020,2025-10-31,11000,Cash,Paid
CP00768,CW0162,PR020,2025-11-03,13000,Cheque,Paid
CP00769,CW0162,PR020,2025-11-06,7000,Cheque,Paid
CP00770,CW0162,PR020,2025-11-09,5000,Cash,Paid
CP00771,CW0162,PR020,2025-11-12,1000,Cash,Paid
CP00772,CW0162,PR020,2025-11-24,7000,Cash,Pending
CP00773,CW0163,PR020,2025-11-30,1000,Cash,Paid
CP00774,CW0163,PR020,2025-12-12,1000,Cheque,Paid
CP00775,CW0164,PR020,2025-12-15,1000,Bank Transfer,Paid
CP00776,CW0164,PR020,2025-12-19,1000,Cash,Paid
CP00777,CW0164,PR020,2025-12-23,1000,Cash,Paid
CP00778,CW0164,PR020,2025-12-27,1000,Cheque,Paid
CP00779,CW0164,PR020,2026-01-05,1000,Cheque,Pending
CP00780,CW0165,PR020,2026-01-07,22000,UPI,Pending
CP00781,CW0165,PR020,2026-01-12,22000,Cash,Pending
CP00782,CW0165,PR020,2026-01-17,2000,UPI,Pending
CP00783,CW0165,PR020,2026-01-26,12000,Cheque,Pending
CP00784,CW0166,PR020,2026-02-14,1000,Cheque,Pending
CP00785,CW0167,PR021,2025-09-25,80000,Bank Transfer,Paid
CP00786,CW0167,PR021,2025-10-05,1000,Cash,Paid
CP00787,CW0167,PR021,2025-10-15,11000,UPI,Paid
CP00788,CW0167,PR021,2025-10-26,12000,Cheque,Paid
CP00789,CW0168,PR021,2025-10-31,31000,Cheque,Paid
CP00790,CW0168,PR021,2025-11-06,69000,UPI,Paid
CP00791,CW0168,PR021,2025-11-12,14000,Bank Transfer,Paid
CP00792,CW0168,PR021,2025-11-18,7000,Cheque,Paid
CP00793,CW0168,PR021,2025-11-24,37000,Cash,Paid
CP00794,CW0168,PR021,2025-12-07,21000,Cheque,Paid
CP00795,CW0169,PR021,2025-12-10,4000,Cash,Paid
CP00796,CW0169,PR021,2025-12-16,5000,UPI,Paid
CP00797,CW0169,PR021,2025-12-22,1000,Cash,Paid
CP00798,CW0169,PR021,2025-12-28,1000,UPI,Paid
CP00799,CW0169,PR021,2026-01-03,2000,Cash,Paid
CP00800,CW0169,PR021,2026-01-16,1000,UPI,Paid
CP00801,CW0170,PR021,2026-01-23,43000,Cash,Paid
CP00802,CW0170,PR021,2026-02-02,115000,Bank Transfer,Paid
CP00803,CW0170,PR021,2026-02-12,44000,Cash,Pending
CP00804,CW0170,PR021,2026-02-14,4000,Cash,Paid
CP00805,CW0171,PR021,2026-02-14,4000,Bank Transfer,Paid
CP00806,CW0171,PR021,2026-02-14,3000,Cheque,Paid
CP00807,CW0171,PR021,2026-02-14,2000,Cheque,Paid
CP00808,CW0171,PR021,2026-02-14,13000,Cash,Paid
CP00809,CW0171,PR021,2026-02-14,2000,Bank Transfer,Paid
CP00810,CW0172,PR021,2026-02-14,1000,Cash,Paid
CP00811,CW0172,PR021,2026-02-14,1000,UPI,Paid
CP00812,CW0172,PR021,2026-02-14,1000,UPI,Paid
CP00813,CW0173,PR021,2026-02-14,5000,Cash,Pending
CP00814,CW0173,PR021,2026-02-14,10000,Cheque,Pending
CP00815,CW0173,PR021,2026-02-14,12000,Cheque,Pending
CP00816,CW0173,PR021,2026-02-14,16000,Cash,Pending
CP00817,CW0173,PR021,2026-02-14,4000,Cash,Pending
CP00818,CW0173,PR021,2026-02-14,17000,UPI,Pending
CP00819,CW0174,PR021,2026-02-14,82000,Cheque,Pending
CP00820,CW0174,PR021,2026-02-14,44000,Cash,Pending
CP00821,CW0174,PR021,2026-02-14,16000,UPI,Pending
CP00822,CW0174,PR021,2026-02-14,6000,Cheque,Pending
CP00823,CW0174,PR021,2026-02-14,8000,Bank Transfer,Pending
CP00824,CW0174,PR021,2026-02-14,25000,UPI,Pending
CP00825,CW0175,PR021,2026-02-14,14000,Cheque,Pending
CP00826,CW0175,PR021,2026-02-14,3000,Cheque,Pending
CP00827,CW0175,PR021,2026-02-14,8000,UPI,Pending
CP00828,CW0175,PR021,2026-02-14,5000,Bank Transfer,Pending
CP00829,CW0175,PR021,2026-02-14,6000,UPI,Pending
CP00830,CW0176,PR022,2025-12-16,6000,Cheque,Paid
CP00831,CW0176,PR022,2025-12-25,12000,Cash,Paid
CP00832,CW0176,PR022,2026-01-03,1000,Cash,Paid
CP00833,CW0176,PR022,2026-01-12,3000,UPI,Paid
CP00834,CW0176,PR022,2026-01-23,2000,Cheque,Paid
CP00835,CW0177,PR022,2026-01-30,2000,Cash,Paid
CP00836,CW0177,PR022,2026-02-08,2000,Cheque,Paid
CP00837,CW0177,PR022,2026-02-14,1000,UPI,Paid
CP00838,CW0177,PR022,2026-02-14,1000,Cash,Paid
CP00839,CW0177,PR022,2026-02-14,1000,Cheque,Paid
CP00840,CW0178,PR022,2026-02-14,6000,Cash,Paid
CP00841,CW0178,PR022,2026-02-14,19000,UPI,Paid
CP00842,CW0178,PR022,2026-02-14,2000,Cheque,Paid
CP00843,CW0178,PR022,2026-02-14,64000,Cash,Paid
CP00844,CW0178,PR022,2026-02-14,12000,UPI,Paid
CP00845,CW0179,PR022,2026-02-14,47000,Cash,Paid
CP00846,CW0179,PR022,2026-02-14,71000,Cash,Paid
CP00847,CW0179,PR022,2026-02-14,38000,Bank Transfer,Paid
CP00848,CW0179,PR022,2026-02-14,152000,Bank Transfer,Pending
CP00849,CW0179,PR022,2026-02-14,51000,UPI,Paid
CP00850,CW0179,PR022,2026-02-14,67000,Bank Transfer,Pending
CP00851,CW0180,PR022,2026-02-14,1000,UPI,Paid
CP00852,CW0180,PR022,2026-02-14,1000,Bank Transfer,Paid
CP00853,CW0180,PR022,2026-02-14,1000,Cash,Paid
CP00854,CW0180,PR022,2026-02-14,1000,UPI,Paid
CP00855,CW0180,PR022,2026-02-14,1000,UPI,Paid
CP00856,CW0180,PR022,2026-02-14,1000,Cash,Paid
CP00857,CW0181,PR023,2026-01-01,6000,UPI,Paid
CP00858,CW0181,PR023,2026-01-05,17000,UPI,Paid
CP00859,CW0181,PR023,2026-01-09,9000,Bank Transfer,Paid
CP00860,CW0181,PR023,2026-01-18,8000,UPI,Paid
CP00861,CW0182,PR023,2026-01-18,1000,Cheque,Paid
CP00862,CW0182,PR023,2026-01-21,4000,Cash,Paid
CP00863,CW0182,PR023,2026-01-24,2000,Bank Transfer,Paid
CP00864,CW0182,PR023,2026-01-27,5000,Bank Transfer,Paid
CP00865,CW0182,PR023,2026-02-03,5000,Cheque,Paid
CP00866,CW0183,PR023,2026-02-06,11000,Cash,Paid
CP00867,CW0183,PR023,2026-02-10,12000,Cash,Paid
CP00868,CW0183,PR023,2026-02-14,1000,Bank Transfer,Paid
CP00869,CW0183,PR023,2026-02-14,3000,UPI,Paid
CP00870,CW0184,PR023,2026-02-14,9000,Bank Transfer,Paid
CP00871,CW0184,PR023,2026-02-14,2000,Cash,Paid
CP00872,CW0184,PR023,2026-02-14,2000,Cheque,Paid
CP00873,CW0184,PR023,2026-02-14,1000,Bank Transfer,Paid
CP00874,CW0184,PR023,2026-02-14,5000,Cash,Paid
CP00875,CW0185,PR023,2026-02-14,2000,Bank Transfer,Paid
CP00876,CW0185,PR023,2026-02-14,5000,UPI,Paid
CP00877,CW0185,PR023,2026-02-14,2000,Bank Transfer,Paid
CP00878,CW0185,PR023,2026-02-14,2000,Bank Transfer,Paid
CP00879,CW0186,PR023,2026-02-14,11000,Cash,Paid
CP00880,CW0186,PR023,2026-02-14,25000,Cash,Paid
CP00881,CW0186,PR023,2026-02-14,3000,Cash,Paid
CP00882,CW0186,PR023,2026-02-14,35000,Bank Transfer,Paid
CP00883,CW0186,PR023,2026-02-14,9000,UPI,Paid
CP00884,CW0187,PR023,2026-02-14,12000,Cheque,Paid
CP00885,CW0187,PR023,2026-02-14,3000,Cheque,Paid
CP00886,CW0187,PR023,2026-02-14,1000,Cash,Paid
CP00887,CW0187,PR023,2026-02-14,2000,Cash,Paid
CP00888,CW0187,PR023,2026-02-14,3000,Bank Transfer,Paid
CP00889,CW0188,PR023,2026-02-14,40000,Cheque,Pending
CP00890,CW0188,PR023,2026-02-14,12000,Cash,Pending
CP00891,CW0188,PR023,2026-02-14,5000,UPI,Paid
CP00892,CW0188,PR023,2026-02-14,42000,UPI,Pending
CP00893,CW0188,PR023,2026-02-14,19000,Cash,Pending
CP00894,CW0188,PR023,2026-02-14,12000,Cash,Pending
CP00895,CW0189,PR024,2026-01-17,1000,Cheque,Paid
CP00896,CW0189,PR024,2026-01-19,2000,Cheque,Paid
CP00897,CW0189,PR024,2026-01-21,1000,Bank Transfer,Paid
CP00898,CW0189,PR024,2026-01-23,2000,Cheque,Paid
CP00899,CW0189,PR024,2026-01-25,1000,UPI,Paid
CP00900,CW0189,PR024,2026-02-01,1000,UPI,Paid
CP00901,CW0190,PR024,2026-02-03,7000,Cash,Paid
CP00902,CW0190,PR024,2026-02-06,9000,Cheque,Paid
CP00903,CW0190,PR024,2026-02-09,5000,Bank Transfer,Paid
CP00904,CW0190,PR024,2026-02-12,12000,UPI,Paid
CP00905,CW0190,PR024,2026-02-14,8000,UPI,Paid
CP00906,CW0191,PR024,2026-02-14,1000,Bank Transfer,Paid
CP00907,CW0191,PR024,2026-02-14,1000,Bank Transfer,Paid
CP00908,CW0191,PR024,2026-02-14,1000,UPI,Paid
CP00909,CW0191,PR024,2026-02-14,1000,UPI,Paid
CP00910,CW0191,PR024,2026-02-14,1000,Bank Transfer,Paid
CP00911,CW0192,PR024,2026-02-14,1000,UPI,Paid
CP00912,CW0192,PR024,2026-02-14,1000,Cash,Paid
CP00913,CW0192,PR024,2026-02-14,1000,Cash,Paid
CP00914,CW0192,PR024,2026-02-14,1000,Bank Transfer,Paid
CP00915,CW0192,PR024,2026-02-14,1000,Cheque,Paid
CP00916,CW0193,PR024,2026-02-14,1000,Bank Transfer,Paid
CP00917,CW0194,PR024,2026-02-14,7000,Bank Transfer,Paid
CP00918,CW0194,PR024,2026-02-14,10000,Cheque,Paid
CP00919,CW0194,PR024,2026-02-14,24000,Cheque,Paid
CP00920,CW0194,PR024,2026-02-14,7000,Cheque,Paid
CP00921,CW0194,PR024,2026-02-14,2000,Cash,Paid
CP00922,CW0195,PR024,2026-02-14,14000,UPI,Paid
CP00923,CW0195,PR024,2026-02-14,10000,Cash,Paid
CP00924,CW0195,PR024,2026-02-14,5000,UPI,Paid
CP00925,CW0195,PR024,2026-02-14,17000,Cash,Pending
CP00926,CW0196,PR024,2026-02-14,1000,UPI,Pending
CP00927,CW0196,PR024,2026-02-14,1000,Cash,Pending
CP00928,CW0196,PR024,2026-02-14,1000,Cheque,Pending
CP00929,CW0196,PR024,2026-02-14,1000,Bank Transfer,Pending
CP00930,CW0197,PR025,2026-01-23,2000,Cash,Paid
CP00931,CW0197,PR025,2026-01-26,5000,UPI,Paid
CP00932,CW0197,PR025,2026-01-29,6000,Cheque,Paid
CP00933,CW0197,PR025,2026-02-01,6000,Cash,Paid
CP00934,CW0197,PR025,2026-02-04,1000,Cash,Paid
CP00935,CW0197,PR025,2026-02-14,2000,Cheque,Paid
CP00936,CW0198,PR025,2026-02-14,2000,Cash,Paid
CP00937,CW0198,PR025,2026-02-14,11000,Bank Transfer,Paid
CP00938,CW0198,PR025,2026-02-14,6000,Cash,Paid
CP00939,CW0198,PR025,2026-02-14,3000,Bank Transfer,Paid
CP00940,CW0198,PR025,2026-02-14,4000,Bank Transfer,Paid
CP00941,CW0198,PR025,2026-02-14,1000,Cheque,Paid
CP00942,CW0199,PR025,2026-02-14,7000,Cash,Paid
CP00943,CW0199,PR025,2026-02-14,8000,Cheque,Paid
CP00944,CW0199,PR025,2026-02-14,52000,Cash,Paid
CP00945,CW0199,PR025,2026-02-14,3000,Cash,Paid
CP00946,CW0200,PR025,2026-02-14,23000,UPI,Paid
CP00947,CW0200,PR025,2026-02-14,46000,Cash,Paid
CP00948,CW0200,PR025,2026-02-14,7000,Cheque,Paid
CP00949,CW0200,PR025,2026-02-14,30000,Bank Transfer,Paid
CP00950,CW0201,PR025,2026-02-14,2000,Cash,Paid
CP00951,CW0201,PR025,2026-02-14,5000,UPI,Paid
CP00952,CW0201,PR025,2026-02-14,6000,Cheque,Paid
CP00953,CW0201,PR025,2026-02-14,14000,Cash,Paid
CP00954,CW0201,PR025,2026-02-14,14000,Cheque,Paid
CP00955,CW0202,PR025,2026-02-14,9000,UPI,Paid
CP00956,CW0202,PR025,2026-02-14,32000,UPI,Pending
CP00957,CW0202,PR025,2026-02-14,15000,Cheque,Paid
CP00958,CW0202,PR025,2026-02-14,12000,Cash,Pending
CP00959,CW0202,PR025,2026-02-14,43000,Bank Transfer,Pending
CP00960,CW0202,PR025,2026-02-14,1000,UPI,Paid
CP00961,CW0203,PR025,2026-02-14,11000,Cash,Pending
CP00962,CW0203,PR025,2026-02-14,16000,Cash,Pending
CP00963,CW0203,PR025,2026-02-14,9000,Bank Transfer,Pending
CP00964,CW0203,PR025,2026-02-14,19000,UPI,Pending
CP00965,CW0204,PR025,2026-02-14,1000,UPI,Paid
CP00966,CW0204,PR025,2026-02-14,1000,Cash,Pending
CP00967,CW0204,PR025,2026-02-14,3000,Cash,Pending
CP00968,CW0204,PR025,2026-02-14,2000,Bank Transfer,Pending
CP00969,CW0205,PR026,2026-01-27,22000,Bank Transfer,Paid
CP00970,CW0205,PR026,2026-01-31,7000,UPI,Paid
CP00971,CW0205,PR026,2026-02-04,41000,Cheque,Paid
CP00972,CW0205,PR026,2026-02-12,10000,UPI,Paid
CP00973,CW0206,PR026,2026-02-13,1000,Cash,Paid
CP00974,CW0206,PR026,2026-02-14,1000,UPI,Paid
CP00975,CW0206,PR026,2026-02-14,2000,Cheque,Paid
CP00976,CW0206,PR026,2026-02-14,2000,Bank Transfer,Paid
CP00977,CW0206,PR026,2026-02-14,1000,Cheque,Paid
CP00978,CW0206,PR026,2026-02-14,1000,Cheque,Paid
CP00979,CW0207,PR026,2026-02-14,4000,Cheque,Paid
CP00980,CW0207,PR026,2026-02-14,1000,Bank Transfer,Paid
CP00981,CW0207,PR026,2026-02-14,2000,Cheque,Paid
CP00982,CW0207,PR026,2026-02-14,1000,Cheque,Paid
CP00983,CW0208,PR026,2026-02-14,2000,Cheque,Paid
CP00984,CW0208,PR026,2026-02-14,5000,Cash,Paid
CP00985,CW0208,PR026,2026-02-14,9000,Cheque,Pending
CP00986,CW0208,PR026,2026-02-14,2000,Bank Transfer,Paid
CP00987,CW0208,PR026,2026-02-14,2000,Cheque,Paid
CP00988,CW0208,PR026,2026-02-14,2000,Cheque,Paid
CP00989,CW0209,PR026,2026-02-14,1000,Bank Transfer,Paid
CP00990,CW0209,PR026,2026-02-14,1000,Cheque,Paid
CP00991,CW0209,PR026,2026-02-14,3000,Bank Transfer,Pending
CP00992,CW0209,PR026,2026-02-14,3000,Cheque,Pending
CP00993,CW0209,PR026,2026-02-14,1000,Bank Transfer,Pending
CP00994,CW0209,PR026,2026-02-14,6000,Cheque,Pending
CP00995,CW0210,PR026,2026-02-14,1000,Cheque,Pending
CP00996,CW0210,PR026,2026-02-14,1000,Cash,Pending
CP00997,CW0210,PR026,2026-02-14,4000,Cash,Pending
CP00998,CW0210,PR026,2026-02-14,2000,Cheque,Pending
CP00999,CW0211,PR027,2026-02-14,14000,Cheque,Paid
CP01000,CW0211,PR027,2026-02-14,1000,UPI,Paid
CP01001,CW0211,PR027,2026-02-14,21000,Bank Transfer,Paid
CP01002,CW0211,PR027,2026-02-14,57000,UPI,Paid
CP01003,CW0212,PR027,2026-02-14,1000,Cash,Paid
CP01004,CW0212,PR027,2026-02-14,1000,Cash,Paid
CP01005,CW0212,PR027,2026-02-14,1000,Cash,Paid
CP01006,CW0212,PR027,2026-02-14,1000,Cash,Paid
CP01007,CW0212,PR027,2026-02-14,1000,Cheque,Paid
CP01008,CW0213,PR027,2026-02-14,10000,Cash,Paid
CP01009,CW0213,PR027,2026-02-14,7000,Cheque,Paid
CP01010,CW0213,PR027,2026-02-14,1000,Cheque,Paid
CP01011,CW0213,PR027,2026-02-14,17000,Cash,Paid
CP01012,CW0214,PR027,2026-02-14,119000,Cash,Paid
CP01013,CW0214,PR027,2026-02-14,13000,Bank Transfer,Paid
CP01014,CW0214,PR027,2026-02-14,165000,UPI,Pending
CP01015,CW0214,PR027,2026-02-14,2000,Cash,Paid
CP01016,CW0215,PR027,2026-02-14,5000,Bank Transfer,Paid
CP01017,CW0215,PR027,2026-02-14,9000,Bank Transfer,Paid
CP01018,CW0215,PR027,2026-02-14,3000,UPI,Paid
CP01019,CW0215,PR027,2026-02-14,9000,Cheque,Paid
CP01020,CW0215,PR027,2026-02-14,5000,Cash,Paid
CP01021,CW0215,PR027,2026-02-14,24000,UPI,Paid
